,id,breed
0,distribute_40,distribute
1,distribute_41,distribute
2,distribute_42,distribute
3,distribute_43,distribute
4,distribute_44,distribute
5,distribute_45,distribute
6,distribute_46,distribute
7,distribute_47,distribute
8,distribute_48,distribute
9,distribute_49,distribute
10,distribute_50,distribute
11,distribute_51,distribute
12,distribute_52,distribute
13,distribute_53,distribute
14,distribute_54,distribute
15,distribute_55,distribute
16,distribute_56,distribute
17,distribute_57,distribute
18,distribute_58,distribute
19,distribute_59,distribute
20,distribute_60,distribute
21,distribute_61,distribute
22,distribute_62,distribute
23,distribute_63,distribute
24,distribute_64,distribute
25,distribute_65,distribute
26,distribute_66,distribute
27,distribute_67,distribute
28,distribute_68,distribute
29,distribute_69,distribute
30,distribute_70,distribute
31,distribute_71,distribute
32,distribute_72,distribute
33,distribute_73,distribute
34,distribute_74,distribute
35,distribute_75,distribute
36,distribute_76,distribute
37,distribute_77,distribute
38,distribute_78,distribute
39,distribute_79,distribute
40,distribute_80,distribute
41,distribute_81,distribute
42,distribute_82,distribute
43,distribute_83,distribute
44,distribute_84,distribute
45,distribute_85,distribute
46,distribute_86,distribute
47,distribute_87,distribute
48,distribute_88,distribute
49,distribute_89,distribute
50,distribute_90,distribute
51,distribute_91,distribute
52,distribute_92,distribute
53,distribute_93,distribute
54,distribute_94,distribute
55,distribute_95,distribute
56,distribute_96,distribute
57,distribute_97,distribute
58,distribute_98,distribute
59,distribute_99,distribute
60,distribute_100,distribute
61,distribute_101,distribute
62,distribute_102,distribute
63,distribute_103,distribute
64,distribute_104,distribute
65,distribute_105,distribute
66,distribute_106,distribute
67,distribute_107,distribute
68,distribute_108,distribute
69,distribute_109,distribute
70,distribute_110,distribute
71,distribute_111,distribute
72,distribute_112,distribute
73,distribute_113,distribute
74,distribute_114,distribute
75,distribute_115,distribute
76,distribute_116,distribute
77,distribute_117,distribute
78,distribute_118,distribute
79,distribute_119,distribute
80,distribute_120,distribute
81,distribute_121,distribute
82,distribute_122,distribute
83,distribute_123,distribute
84,distribute_124,distribute
85,distribute_125,distribute
86,distribute_126,distribute
87,distribute_127,distribute
88,distribute_128,distribute
89,distribute_129,distribute
90,distribute_130,distribute
91,distribute_131,distribute
92,distribute_132,distribute
93,distribute_133,distribute
94,distribute_134,distribute
95,distribute_135,distribute
96,distribute_136,distribute
97,distribute_137,distribute
98,distribute_138,distribute
99,distribute_139,distribute
100,distribute_140,distribute
101,distribute_141,distribute
102,distribute_142,distribute
103,distribute_143,distribute
104,distribute_144,distribute
105,distribute_145,distribute
106,distribute_146,distribute
107,distribute_147,distribute
108,distribute_148,distribute
109,distribute_149,distribute
110,distribute_150,distribute
111,distribute_151,distribute
112,distribute_152,distribute
113,distribute_153,distribute
114,distribute_154,distribute
115,distribute_155,distribute
116,distribute_156,distribute
117,distribute_157,distribute
118,distribute_158,distribute
119,distribute_159,distribute
120,distribute_160,distribute
121,distribute_161,distribute
122,distribute_162,distribute
123,distribute_163,distribute
124,distribute_164,distribute
125,distribute_165,distribute
126,distribute_166,distribute
127,distribute_167,distribute
128,distribute_168,distribute
129,distribute_169,distribute
130,distribute_170,distribute
131,distribute_171,distribute
132,distribute_172,distribute
133,distribute_173,distribute
134,distribute_174,distribute
135,distribute_175,distribute
136,distribute_176,distribute
137,distribute_177,distribute
138,distribute_178,distribute
139,distribute_179,distribute
140,distribute_180,distribute
141,distribute_181,distribute
142,distribute_182,distribute
143,distribute_183,distribute
144,distribute_184,distribute
145,distribute_185,distribute
146,distribute_186,distribute
147,distribute_187,distribute
148,distribute_188,distribute
149,distribute_189,distribute
150,distribute_190,distribute
151,distribute_191,distribute
152,distribute_192,distribute
153,distribute_193,distribute
154,distribute_194,distribute
155,distribute_195,distribute
156,distribute_196,distribute
157,distribute_197,distribute
158,distribute_198,distribute
159,distribute_199,distribute
160,distribute_200,distribute
161,distribute_201,distribute
162,distribute_202,distribute
163,distribute_203,distribute
164,distribute_204,distribute
165,distribute_205,distribute
166,distribute_206,distribute
167,distribute_207,distribute
168,distribute_208,distribute
169,distribute_209,distribute
170,distribute_210,distribute
171,distribute_211,distribute
172,distribute_212,distribute
173,distribute_213,distribute
174,distribute_214,distribute
175,distribute_215,distribute
176,distribute_216,distribute
177,distribute_217,distribute
178,distribute_218,distribute
179,distribute_219,distribute
180,distribute_220,distribute
181,distribute_221,distribute
182,distribute_222,distribute
183,distribute_223,distribute
184,distribute_224,distribute
185,distribute_225,distribute
186,distribute_226,distribute
187,distribute_227,distribute
188,distribute_228,distribute
189,distribute_229,distribute
190,distribute_230,distribute
191,distribute_231,distribute
192,distribute_232,distribute
193,distribute_233,distribute
194,distribute_234,distribute
195,distribute_235,distribute
196,distribute_236,distribute
197,distribute_237,distribute
198,distribute_238,distribute
199,distribute_239,distribute
200,distribute_240,distribute
201,distribute_241,distribute
202,distribute_242,distribute
203,distribute_243,distribute
204,distribute_244,distribute
205,distribute_245,distribute
206,distribute_246,distribute
207,distribute_247,distribute
208,distribute_248,distribute
209,distribute_249,distribute
210,distribute_250,distribute
211,distribute_251,distribute
212,distribute_252,distribute
213,distribute_253,distribute
214,distribute_254,distribute
215,distribute_255,distribute
216,distribute_256,distribute
217,distribute_257,distribute
218,distribute_258,distribute
219,distribute_259,distribute
220,distribute_260,distribute
221,distribute_261,distribute
222,distribute_262,distribute
223,distribute_263,distribute
224,distribute_264,distribute
225,distribute_265,distribute
226,distribute_266,distribute
227,distribute_267,distribute
228,distribute_268,distribute
229,distribute_269,distribute
230,distribute_270,distribute
231,distribute_271,distribute
232,distribute_272,distribute
233,distribute_273,distribute
234,distribute_274,distribute
235,distribute_275,distribute
236,distribute_276,distribute
237,distribute_277,distribute
238,distribute_278,distribute
239,distribute_279,distribute
240,distribute_280,distribute
241,distribute_281,distribute
242,distribute_282,distribute
243,distribute_283,distribute
244,distribute_284,distribute
245,distribute_285,distribute
246,distribute_286,distribute
247,distribute_287,distribute
248,distribute_288,distribute
249,distribute_289,distribute
250,distribute_290,distribute
251,distribute_291,distribute
252,distribute_292,distribute
253,distribute_293,distribute
254,distribute_294,distribute
255,distribute_295,distribute
256,distribute_296,distribute
257,distribute_297,distribute
258,distribute_298,distribute
259,distribute_299,distribute
260,distribute_300,distribute
261,distribute_301,distribute
262,distribute_302,distribute
263,distribute_303,distribute
264,distribute_304,distribute
265,distribute_305,distribute
266,distribute_306,distribute
267,distribute_307,distribute
268,distribute_308,distribute
269,distribute_309,distribute
270,distribute_310,distribute
271,distribute_311,distribute
272,distribute_312,distribute
273,distribute_313,distribute
274,distribute_314,distribute
275,distribute_315,distribute
276,distribute_316,distribute
277,distribute_317,distribute
278,distribute_318,distribute
279,distribute_319,distribute
280,distribute_320,distribute
281,distribute_321,distribute
282,distribute_322,distribute
283,distribute_323,distribute
284,distribute_324,distribute
285,distribute_325,distribute
286,distribute_326,distribute
287,distribute_327,distribute
288,distribute_328,distribute
289,distribute_329,distribute
290,distribute_330,distribute
291,distribute_331,distribute
292,distribute_332,distribute
293,distribute_333,distribute
294,distribute_334,distribute
295,distribute_335,distribute
296,distribute_336,distribute
297,distribute_337,distribute
298,distribute_338,distribute
299,distribute_339,distribute
300,distribute_340,distribute
301,distribute_341,distribute
302,distribute_342,distribute
303,distribute_343,distribute
304,distribute_344,distribute
305,distribute_345,distribute
306,distribute_346,distribute
307,distribute_347,distribute
308,distribute_348,distribute
309,distribute_349,distribute
310,distribute_350,distribute
311,distribute_351,distribute
312,distribute_352,distribute
313,distribute_353,distribute
314,distribute_354,distribute
315,distribute_355,distribute
316,distribute_356,distribute
317,distribute_357,distribute
318,distribute_358,distribute
319,distribute_359,distribute
320,distribute_360,distribute
321,distribute_361,distribute
322,distribute_362,distribute
323,distribute_363,distribute
324,distribute_364,distribute
325,distribute_365,distribute
326,distribute_366,distribute
327,distribute_367,distribute
328,distribute_368,distribute
329,distribute_369,distribute
330,distribute_370,distribute
331,distribute_371,distribute
332,distribute_372,distribute
333,distribute_373,distribute
334,distribute_374,distribute
335,distribute_375,distribute
336,distribute_376,distribute
337,distribute_377,distribute
338,distribute_378,distribute
339,distribute_379,distribute
340,distribute_380,distribute
341,distribute_381,distribute
342,distribute_382,distribute
343,distribute_383,distribute
344,distribute_384,distribute
345,distribute_385,distribute
346,distribute_386,distribute
347,distribute_387,distribute
348,distribute_388,distribute
349,distribute_389,distribute
350,distribute_390,distribute
351,distribute_391,distribute
352,distribute_392,distribute
353,distribute_393,distribute
354,distribute_394,distribute
355,distribute_395,distribute
356,distribute_396,distribute
357,distribute_397,distribute
358,distribute_398,distribute
359,distribute_399,distribute
360,ineq_40,ineq
361,ineq_41,ineq
362,ineq_42,ineq
363,ineq_43,ineq
364,ineq_44,ineq
365,ineq_45,ineq
366,ineq_46,ineq
367,ineq_47,ineq
368,ineq_48,ineq
369,ineq_49,ineq
370,ineq_50,ineq
371,ineq_51,ineq
372,ineq_52,ineq
373,ineq_53,ineq
374,ineq_54,ineq
375,ineq_55,ineq
376,ineq_56,ineq
377,ineq_57,ineq
378,ineq_58,ineq
379,ineq_59,ineq
380,ineq_60,ineq
381,ineq_61,ineq
382,ineq_62,ineq
383,ineq_63,ineq
384,ineq_64,ineq
385,ineq_65,ineq
386,ineq_66,ineq
387,ineq_67,ineq
388,ineq_68,ineq
389,ineq_69,ineq
390,ineq_70,ineq
391,ineq_71,ineq
392,ineq_72,ineq
393,ineq_73,ineq
394,ineq_74,ineq
395,ineq_75,ineq
396,ineq_76,ineq
397,ineq_77,ineq
398,ineq_78,ineq
399,ineq_79,ineq
400,ineq_80,ineq
401,ineq_81,ineq
402,ineq_82,ineq
403,ineq_83,ineq
404,ineq_84,ineq
405,ineq_85,ineq
406,ineq_86,ineq
407,ineq_87,ineq
408,ineq_88,ineq
409,ineq_89,ineq
410,ineq_90,ineq
411,ineq_91,ineq
412,ineq_92,ineq
413,ineq_93,ineq
414,ineq_94,ineq
415,ineq_95,ineq
416,ineq_96,ineq
417,ineq_97,ineq
418,ineq_98,ineq
419,ineq_99,ineq
420,ineq_100,ineq
421,ineq_101,ineq
422,ineq_102,ineq
423,ineq_103,ineq
424,ineq_104,ineq
425,ineq_105,ineq
426,ineq_106,ineq
427,ineq_107,ineq
428,ineq_108,ineq
429,ineq_109,ineq
430,ineq_110,ineq
431,ineq_111,ineq
432,ineq_112,ineq
433,ineq_113,ineq
434,ineq_114,ineq
435,ineq_115,ineq
436,ineq_116,ineq
437,ineq_117,ineq
438,ineq_118,ineq
439,ineq_119,ineq
440,ineq_120,ineq
441,ineq_121,ineq
442,ineq_122,ineq
443,ineq_123,ineq
444,ineq_124,ineq
445,ineq_125,ineq
446,ineq_126,ineq
447,ineq_127,ineq
448,ineq_128,ineq
449,ineq_129,ineq
450,ineq_130,ineq
451,ineq_131,ineq
452,ineq_132,ineq
453,ineq_133,ineq
454,ineq_134,ineq
455,ineq_135,ineq
456,ineq_136,ineq
457,ineq_137,ineq
458,ineq_138,ineq
459,ineq_139,ineq
460,ineq_140,ineq
461,ineq_141,ineq
462,ineq_142,ineq
463,ineq_143,ineq
464,ineq_144,ineq
465,ineq_145,ineq
466,ineq_146,ineq
467,ineq_147,ineq
468,ineq_148,ineq
469,ineq_149,ineq
470,ineq_150,ineq
471,ineq_151,ineq
472,ineq_152,ineq
473,ineq_153,ineq
474,ineq_154,ineq
475,ineq_155,ineq
476,ineq_156,ineq
477,ineq_157,ineq
478,ineq_158,ineq
479,ineq_159,ineq
480,ineq_160,ineq
481,ineq_161,ineq
482,ineq_162,ineq
483,ineq_163,ineq
484,ineq_164,ineq
485,ineq_165,ineq
486,ineq_166,ineq
487,ineq_167,ineq
488,ineq_168,ineq
489,ineq_169,ineq
490,ineq_170,ineq
491,ineq_171,ineq
492,ineq_172,ineq
493,ineq_173,ineq
494,ineq_174,ineq
495,ineq_175,ineq
496,ineq_176,ineq
497,ineq_177,ineq
498,ineq_178,ineq
499,ineq_179,ineq
500,ineq_180,ineq
501,ineq_181,ineq
502,ineq_182,ineq
503,ineq_183,ineq
504,ineq_184,ineq
505,ineq_185,ineq
506,ineq_186,ineq
507,ineq_187,ineq
508,ineq_188,ineq
509,ineq_189,ineq
510,ineq_190,ineq
511,ineq_191,ineq
512,ineq_192,ineq
513,ineq_193,ineq
514,ineq_194,ineq
515,ineq_195,ineq
516,ineq_196,ineq
517,ineq_197,ineq
518,ineq_198,ineq
519,ineq_199,ineq
520,ineq_200,ineq
521,ineq_201,ineq
522,ineq_202,ineq
523,ineq_203,ineq
524,ineq_204,ineq
525,ineq_205,ineq
526,ineq_206,ineq
527,ineq_207,ineq
528,ineq_208,ineq
529,ineq_209,ineq
530,ineq_210,ineq
531,ineq_211,ineq
532,ineq_212,ineq
533,ineq_213,ineq
534,ineq_214,ineq
535,ineq_215,ineq
536,ineq_216,ineq
537,ineq_217,ineq
538,ineq_218,ineq
539,ineq_219,ineq
540,ineq_220,ineq
541,ineq_221,ineq
542,ineq_222,ineq
543,ineq_223,ineq
544,ineq_224,ineq
545,ineq_225,ineq
546,ineq_226,ineq
547,ineq_227,ineq
548,ineq_228,ineq
549,ineq_229,ineq
550,ineq_230,ineq
551,ineq_231,ineq
552,ineq_232,ineq
553,ineq_233,ineq
554,ineq_234,ineq
555,ineq_235,ineq
556,ineq_236,ineq
557,ineq_237,ineq
558,ineq_238,ineq
559,ineq_239,ineq
560,ineq_240,ineq
561,ineq_241,ineq
562,ineq_242,ineq
563,ineq_243,ineq
564,ineq_244,ineq
565,ineq_245,ineq
566,ineq_246,ineq
567,ineq_247,ineq
568,ineq_248,ineq
569,ineq_249,ineq
570,ineq_250,ineq
571,ineq_251,ineq
572,ineq_252,ineq
573,ineq_253,ineq
574,ineq_254,ineq
575,ineq_255,ineq
576,ineq_256,ineq
577,ineq_257,ineq
578,ineq_258,ineq
579,ineq_259,ineq
580,ineq_260,ineq
581,ineq_261,ineq
582,ineq_262,ineq
583,ineq_263,ineq
584,ineq_264,ineq
585,ineq_265,ineq
586,ineq_266,ineq
587,ineq_267,ineq
588,ineq_268,ineq
589,ineq_269,ineq
590,ineq_270,ineq
591,ineq_271,ineq
592,ineq_272,ineq
593,ineq_273,ineq
594,ineq_274,ineq
595,ineq_275,ineq
596,ineq_276,ineq
597,ineq_277,ineq
598,ineq_278,ineq
599,ineq_279,ineq
600,ineq_280,ineq
601,ineq_281,ineq
602,ineq_282,ineq
603,ineq_283,ineq
604,ineq_284,ineq
605,ineq_285,ineq
606,ineq_286,ineq
607,ineq_287,ineq
608,ineq_288,ineq
609,ineq_289,ineq
610,ineq_290,ineq
611,ineq_291,ineq
612,ineq_292,ineq
613,ineq_293,ineq
614,ineq_294,ineq
615,ineq_295,ineq
616,ineq_296,ineq
617,ineq_297,ineq
618,ineq_298,ineq
619,ineq_299,ineq
620,ineq_300,ineq
621,ineq_301,ineq
622,ineq_302,ineq
623,ineq_303,ineq
624,ineq_304,ineq
625,ineq_305,ineq
626,ineq_306,ineq
627,ineq_307,ineq
628,ineq_308,ineq
629,ineq_309,ineq
630,ineq_310,ineq
631,ineq_311,ineq
632,ineq_312,ineq
633,ineq_313,ineq
634,ineq_314,ineq
635,ineq_315,ineq
636,ineq_316,ineq
637,ineq_317,ineq
638,ineq_318,ineq
639,ineq_319,ineq
640,ineq_320,ineq
641,ineq_321,ineq
642,ineq_322,ineq
643,ineq_323,ineq
644,ineq_324,ineq
645,ineq_325,ineq
646,ineq_326,ineq
647,ineq_327,ineq
648,ineq_328,ineq
649,ineq_329,ineq
650,ineq_330,ineq
651,ineq_331,ineq
652,ineq_332,ineq
653,ineq_333,ineq
654,ineq_334,ineq
655,ineq_335,ineq
656,ineq_336,ineq
657,ineq_337,ineq
658,ineq_338,ineq
659,ineq_339,ineq
660,ineq_340,ineq
661,ineq_341,ineq
662,ineq_342,ineq
663,ineq_343,ineq
664,ineq_344,ineq
665,ineq_345,ineq
666,ineq_346,ineq
667,ineq_347,ineq
668,ineq_348,ineq
669,ineq_349,ineq
670,ineq_350,ineq
671,ineq_351,ineq
672,ineq_352,ineq
673,ineq_353,ineq
674,ineq_354,ineq
675,ineq_355,ineq
676,ineq_356,ineq
677,ineq_357,ineq
678,ineq_358,ineq
679,ineq_359,ineq
680,ineq_360,ineq
681,ineq_361,ineq
682,ineq_362,ineq
683,ineq_363,ineq
684,ineq_364,ineq
685,ineq_365,ineq
686,ineq_366,ineq
687,ineq_367,ineq
688,ineq_368,ineq
689,ineq_369,ineq
690,ineq_370,ineq
691,ineq_371,ineq
692,ineq_372,ineq
693,ineq_373,ineq
694,ineq_374,ineq
695,ineq_375,ineq
696,ineq_376,ineq
697,ineq_377,ineq
698,ineq_378,ineq
699,ineq_379,ineq
700,ineq_380,ineq
701,ineq_381,ineq
702,ineq_382,ineq
703,ineq_383,ineq
704,ineq_384,ineq
705,ineq_385,ineq
706,ineq_386,ineq
707,ineq_387,ineq
708,ineq_388,ineq
709,ineq_389,ineq
710,ineq_390,ineq
711,ineq_391,ineq
712,ineq_392,ineq
713,ineq_393,ineq
714,ineq_394,ineq
715,ineq_395,ineq
716,ineq_396,ineq
717,ineq_397,ineq
718,ineq_398,ineq
719,ineq_399,ineq
720,int_40,integral
721,int_41,integral
722,int_42,integral
723,int_43,integral
724,int_44,integral
725,int_45,integral
726,int_46,integral
727,int_47,integral
728,int_48,integral
729,int_49,integral
730,int_50,integral
731,int_51,integral
732,int_52,integral
733,int_53,integral
734,int_54,integral
735,int_55,integral
736,int_56,integral
737,int_57,integral
738,int_58,integral
739,int_59,integral
740,int_60,integral
741,int_61,integral
742,int_62,integral
743,int_63,integral
744,int_64,integral
745,int_65,integral
746,int_66,integral
747,int_67,integral
748,int_68,integral
749,int_69,integral
750,int_70,integral
751,int_71,integral
752,int_72,integral
753,int_73,integral
754,int_74,integral
755,int_75,integral
756,int_76,integral
757,int_77,integral
758,int_78,integral
759,int_79,integral
760,int_80,integral
761,int_81,integral
762,int_82,integral
763,int_83,integral
764,int_84,integral
765,int_85,integral
766,int_86,integral
767,int_87,integral
768,int_88,integral
769,int_89,integral
770,int_90,integral
771,int_91,integral
772,int_92,integral
773,int_93,integral
774,int_94,integral
775,int_95,integral
776,int_96,integral
777,int_97,integral
778,int_98,integral
779,int_99,integral
780,int_100,integral
781,int_101,integral
782,int_102,integral
783,int_103,integral
784,int_104,integral
785,int_105,integral
786,int_106,integral
787,int_107,integral
788,int_108,integral
789,int_109,integral
790,int_110,integral
791,int_111,integral
792,int_112,integral
793,int_113,integral
794,int_114,integral
795,int_115,integral
796,int_116,integral
797,int_117,integral
798,int_118,integral
799,int_119,integral
800,int_120,integral
801,int_121,integral
802,int_122,integral
803,int_123,integral
804,int_124,integral
805,int_125,integral
806,int_126,integral
807,int_127,integral
808,int_128,integral
809,int_129,integral
810,int_130,integral
811,int_131,integral
812,int_132,integral
813,int_133,integral
814,int_134,integral
815,int_135,integral
816,int_136,integral
817,int_137,integral
818,int_138,integral
819,int_139,integral
820,int_140,integral
821,int_141,integral
822,int_142,integral
823,int_143,integral
824,int_144,integral
825,int_145,integral
826,int_146,integral
827,int_147,integral
828,int_148,integral
829,int_149,integral
830,int_150,integral
831,int_151,integral
832,int_152,integral
833,int_153,integral
834,int_154,integral
835,int_155,integral
836,int_156,integral
837,int_157,integral
838,int_158,integral
839,int_159,integral
840,int_160,integral
841,int_161,integral
842,int_162,integral
843,int_163,integral
844,int_164,integral
845,int_165,integral
846,int_166,integral
847,int_167,integral
848,int_168,integral
849,int_169,integral
850,int_170,integral
851,int_171,integral
852,int_172,integral
853,int_173,integral
854,int_174,integral
855,int_175,integral
856,int_176,integral
857,int_177,integral
858,int_178,integral
859,int_179,integral
860,int_180,integral
861,int_181,integral
862,int_182,integral
863,int_183,integral
864,int_184,integral
865,int_185,integral
866,int_186,integral
867,int_187,integral
868,int_188,integral
869,int_189,integral
870,int_190,integral
871,int_191,integral
872,int_192,integral
873,int_193,integral
874,int_194,integral
875,int_195,integral
876,int_196,integral
877,int_197,integral
878,int_198,integral
879,int_199,integral
880,int_200,integral
881,int_201,integral
882,int_202,integral
883,int_203,integral
884,int_204,integral
885,int_205,integral
886,int_206,integral
887,int_207,integral
888,int_208,integral
889,int_209,integral
890,int_210,integral
891,int_211,integral
892,int_212,integral
893,int_213,integral
894,int_214,integral
895,int_215,integral
896,int_216,integral
897,int_217,integral
898,int_218,integral
899,int_219,integral
900,int_220,integral
901,int_221,integral
902,int_222,integral
903,int_223,integral
904,int_224,integral
905,int_225,integral
906,int_226,integral
907,int_227,integral
908,int_228,integral
909,int_229,integral
910,int_230,integral
911,int_231,integral
912,int_232,integral
913,int_233,integral
914,int_234,integral
915,int_235,integral
916,int_236,integral
917,int_237,integral
918,int_238,integral
919,int_239,integral
920,int_240,integral
921,int_241,integral
922,int_242,integral
923,int_243,integral
924,int_244,integral
925,int_245,integral
926,int_246,integral
927,int_247,integral
928,int_248,integral
929,int_249,integral
930,int_250,integral
931,int_251,integral
932,int_252,integral
933,int_253,integral
934,int_254,integral
935,int_255,integral
936,int_256,integral
937,int_257,integral
938,int_258,integral
939,int_259,integral
940,int_260,integral
941,int_261,integral
942,int_262,integral
943,int_263,integral
944,int_264,integral
945,int_265,integral
946,int_266,integral
947,int_267,integral
948,int_268,integral
949,int_269,integral
950,int_270,integral
951,int_271,integral
952,int_272,integral
953,int_273,integral
954,int_274,integral
955,int_275,integral
956,int_276,integral
957,int_277,integral
958,int_278,integral
959,int_279,integral
960,int_280,integral
961,int_281,integral
962,int_282,integral
963,int_283,integral
964,int_284,integral
965,int_285,integral
966,int_286,integral
967,int_287,integral
968,int_288,integral
969,int_289,integral
970,int_290,integral
971,int_291,integral
972,int_292,integral
973,int_293,integral
974,int_294,integral
975,int_295,integral
976,int_296,integral
977,int_297,integral
978,int_298,integral
979,int_299,integral
980,int_300,integral
981,int_301,integral
982,int_302,integral
983,int_303,integral
984,int_304,integral
985,int_305,integral
986,int_306,integral
987,int_307,integral
988,int_308,integral
989,int_309,integral
990,int_310,integral
991,int_311,integral
992,int_312,integral
993,int_313,integral
994,int_314,integral
995,int_315,integral
996,int_316,integral
997,int_317,integral
998,int_318,integral
999,int_319,integral
1000,int_320,integral
1001,int_321,integral
1002,int_322,integral
1003,int_323,integral
1004,int_324,integral
1005,int_325,integral
1006,int_326,integral
1007,int_327,integral
1008,int_328,integral
1009,int_329,integral
1010,int_330,integral
1011,int_331,integral
1012,int_332,integral
1013,int_333,integral
1014,int_334,integral
1015,int_335,integral
1016,int_336,integral
1017,int_337,integral
1018,int_338,integral
1019,int_339,integral
1020,int_340,integral
1021,int_341,integral
1022,int_342,integral
1023,int_343,integral
1024,int_344,integral
1025,int_345,integral
1026,int_346,integral
1027,int_347,integral
1028,int_348,integral
1029,int_349,integral
1030,int_350,integral
1031,int_351,integral
1032,int_352,integral
1033,int_353,integral
1034,int_354,integral
1035,int_355,integral
1036,int_356,integral
1037,int_357,integral
1038,int_358,integral
1039,int_359,integral
1040,int_360,integral
1041,int_361,integral
1042,int_362,integral
1043,int_363,integral
1044,int_364,integral
1045,int_365,integral
1046,int_366,integral
1047,int_367,integral
1048,int_368,integral
1049,int_369,integral
1050,int_370,integral
1051,int_371,integral
1052,int_372,integral
1053,int_373,integral
1054,int_374,integral
1055,int_375,integral
1056,int_376,integral
1057,int_377,integral
1058,int_378,integral
1059,int_379,integral
1060,int_380,integral
1061,int_381,integral
1062,int_382,integral
1063,int_383,integral
1064,int_384,integral
1065,int_385,integral
1066,int_386,integral
1067,int_387,integral
1068,int_388,integral
1069,int_389,integral
1070,int_390,integral
1071,int_391,integral
1072,int_392,integral
1073,int_393,integral
1074,int_394,integral
1075,int_395,integral
1076,int_396,integral
1077,int_397,integral
1078,int_398,integral
1079,int_399,integral
1080,limit_40,limit
1081,limit_41,limit
1082,limit_42,limit
1083,limit_43,limit
1084,limit_44,limit
1085,limit_45,limit
1086,limit_46,limit
1087,limit_47,limit
1088,limit_48,limit
1089,limit_49,limit
1090,limit_50,limit
1091,limit_51,limit
1092,limit_52,limit
1093,limit_53,limit
1094,limit_54,limit
1095,limit_55,limit
1096,limit_56,limit
1097,limit_57,limit
1098,limit_58,limit
1099,limit_59,limit
1100,limit_60,limit
1101,limit_61,limit
1102,limit_62,limit
1103,limit_63,limit
1104,limit_64,limit
1105,limit_65,limit
1106,limit_66,limit
1107,limit_67,limit
1108,limit_68,limit
1109,limit_69,limit
1110,limit_70,limit
1111,limit_71,limit
1112,limit_72,limit
1113,limit_73,limit
1114,limit_74,limit
1115,limit_75,limit
1116,limit_76,limit
1117,limit_77,limit
1118,limit_78,limit
1119,limit_79,limit
1120,limit_80,limit
1121,limit_81,limit
1122,limit_82,limit
1123,limit_83,limit
1124,limit_84,limit
1125,limit_85,limit
1126,limit_86,limit
1127,limit_87,limit
1128,limit_88,limit
1129,limit_89,limit
1130,limit_90,limit
1131,limit_91,limit
1132,limit_92,limit
1133,limit_93,limit
1134,limit_94,limit
1135,limit_95,limit
1136,limit_96,limit
1137,limit_97,limit
1138,limit_98,limit
1139,limit_99,limit
1140,limit_100,limit
1141,limit_101,limit
1142,limit_102,limit
1143,limit_103,limit
1144,limit_104,limit
1145,limit_105,limit
1146,limit_106,limit
1147,limit_107,limit
1148,limit_108,limit
1149,limit_109,limit
1150,limit_110,limit
1151,limit_111,limit
1152,limit_112,limit
1153,limit_113,limit
1154,limit_114,limit
1155,limit_115,limit
1156,limit_116,limit
1157,limit_117,limit
1158,limit_118,limit
1159,limit_119,limit
1160,limit_120,limit
1161,limit_121,limit
1162,limit_122,limit
1163,limit_123,limit
1164,limit_124,limit
1165,limit_125,limit
1166,limit_126,limit
1167,limit_127,limit
1168,limit_128,limit
1169,limit_129,limit
1170,limit_130,limit
1171,limit_131,limit
1172,limit_132,limit
1173,limit_133,limit
1174,limit_134,limit
1175,limit_135,limit
1176,limit_136,limit
1177,limit_137,limit
1178,limit_138,limit
1179,limit_139,limit
1180,limit_140,limit
1181,limit_141,limit
1182,limit_142,limit
1183,limit_143,limit
1184,limit_144,limit
1185,limit_145,limit
1186,limit_146,limit
1187,limit_147,limit
1188,limit_148,limit
1189,limit_149,limit
1190,limit_150,limit
1191,limit_151,limit
1192,limit_152,limit
1193,limit_153,limit
1194,limit_154,limit
1195,limit_155,limit
1196,limit_156,limit
1197,limit_157,limit
1198,limit_158,limit
1199,limit_159,limit
1200,limit_160,limit
1201,limit_161,limit
1202,limit_162,limit
1203,limit_163,limit
1204,limit_164,limit
1205,limit_165,limit
1206,limit_166,limit
1207,limit_167,limit
1208,limit_168,limit
1209,limit_169,limit
1210,limit_170,limit
1211,limit_171,limit
1212,limit_172,limit
1213,limit_173,limit
1214,limit_174,limit
1215,limit_175,limit
1216,limit_176,limit
1217,limit_177,limit
1218,limit_178,limit
1219,limit_179,limit
1220,limit_180,limit
1221,limit_181,limit
1222,limit_182,limit
1223,limit_183,limit
1224,limit_184,limit
1225,limit_185,limit
1226,limit_186,limit
1227,limit_187,limit
1228,limit_188,limit
1229,limit_189,limit
1230,limit_190,limit
1231,limit_191,limit
1232,limit_192,limit
1233,limit_193,limit
1234,limit_194,limit
1235,limit_195,limit
1236,limit_196,limit
1237,limit_197,limit
1238,limit_198,limit
1239,limit_199,limit
1240,limit_200,limit
1241,limit_201,limit
1242,limit_202,limit
1243,limit_203,limit
1244,limit_204,limit
1245,limit_205,limit
1246,limit_206,limit
1247,limit_207,limit
1248,limit_208,limit
1249,limit_209,limit
1250,limit_210,limit
1251,limit_211,limit
1252,limit_212,limit
1253,limit_213,limit
1254,limit_214,limit
1255,limit_215,limit
1256,limit_216,limit
1257,limit_217,limit
1258,limit_218,limit
1259,limit_219,limit
1260,limit_220,limit
1261,limit_221,limit
1262,limit_222,limit
1263,limit_223,limit
1264,limit_224,limit
1265,limit_225,limit
1266,limit_226,limit
1267,limit_227,limit
1268,limit_228,limit
1269,limit_229,limit
1270,limit_230,limit
1271,limit_231,limit
1272,limit_232,limit
1273,limit_233,limit
1274,limit_234,limit
1275,limit_235,limit
1276,limit_236,limit
1277,limit_237,limit
1278,limit_238,limit
1279,limit_239,limit
1280,limit_240,limit
1281,limit_241,limit
1282,limit_242,limit
1283,limit_243,limit
1284,limit_244,limit
1285,limit_245,limit
1286,limit_246,limit
1287,limit_247,limit
1288,limit_248,limit
1289,limit_249,limit
1290,limit_250,limit
1291,limit_251,limit
1292,limit_252,limit
1293,limit_253,limit
1294,limit_254,limit
1295,limit_255,limit
1296,limit_256,limit
1297,limit_257,limit
1298,limit_258,limit
1299,limit_259,limit
1300,limit_260,limit
1301,limit_261,limit
1302,limit_262,limit
1303,limit_263,limit
1304,limit_264,limit
1305,limit_265,limit
1306,limit_266,limit
1307,limit_267,limit
1308,limit_268,limit
1309,limit_269,limit
1310,limit_270,limit
1311,limit_271,limit
1312,limit_272,limit
1313,limit_273,limit
1314,limit_274,limit
1315,limit_275,limit
1316,limit_276,limit
1317,limit_277,limit
1318,limit_278,limit
1319,limit_279,limit
1320,limit_280,limit
1321,limit_281,limit
1322,limit_282,limit
1323,limit_283,limit
1324,limit_284,limit
1325,limit_285,limit
1326,limit_286,limit
1327,limit_287,limit
1328,limit_288,limit
1329,limit_289,limit
1330,limit_290,limit
1331,limit_291,limit
1332,limit_292,limit
1333,limit_293,limit
1334,limit_294,limit
1335,limit_295,limit
1336,limit_296,limit
1337,limit_297,limit
1338,limit_298,limit
1339,limit_299,limit
1340,limit_300,limit
1341,limit_301,limit
1342,limit_302,limit
1343,limit_303,limit
1344,limit_304,limit
1345,limit_305,limit
1346,limit_306,limit
1347,limit_307,limit
1348,limit_308,limit
1349,limit_309,limit
1350,limit_310,limit
1351,limit_311,limit
1352,limit_312,limit
1353,limit_313,limit
1354,limit_314,limit
1355,limit_315,limit
1356,limit_316,limit
1357,limit_317,limit
1358,limit_318,limit
1359,limit_319,limit
1360,limit_320,limit
1361,limit_321,limit
1362,limit_322,limit
1363,limit_323,limit
1364,limit_324,limit
1365,limit_325,limit
1366,limit_326,limit
1367,limit_327,limit
1368,limit_328,limit
1369,limit_329,limit
1370,limit_330,limit
1371,limit_331,limit
1372,limit_332,limit
1373,limit_333,limit
1374,limit_334,limit
1375,limit_335,limit
1376,limit_336,limit
1377,limit_337,limit
1378,limit_338,limit
1379,limit_339,limit
1380,limit_340,limit
1381,limit_341,limit
1382,limit_342,limit
1383,limit_343,limit
1384,limit_344,limit
1385,limit_345,limit
1386,limit_346,limit
1387,limit_347,limit
1388,limit_348,limit
1389,limit_349,limit
1390,limit_350,limit
1391,limit_351,limit
1392,limit_352,limit
1393,limit_353,limit
1394,limit_354,limit
1395,limit_355,limit
1396,limit_356,limit
1397,limit_357,limit
1398,limit_358,limit
1399,limit_359,limit
1400,limit_360,limit
1401,limit_361,limit
1402,limit_362,limit
1403,limit_363,limit
1404,limit_364,limit
1405,limit_365,limit
1406,limit_366,limit
1407,limit_367,limit
1408,limit_368,limit
1409,limit_369,limit
1410,limit_370,limit
1411,limit_371,limit
1412,limit_372,limit
1413,limit_373,limit
1414,limit_374,limit
1415,limit_375,limit
1416,limit_376,limit
1417,limit_377,limit
1418,limit_378,limit
1419,limit_379,limit
1420,limit_380,limit
1421,limit_381,limit
1422,limit_382,limit
1423,limit_383,limit
1424,limit_384,limit
1425,limit_385,limit
1426,limit_386,limit
1427,limit_387,limit
1428,limit_388,limit
1429,limit_389,limit
1430,limit_390,limit
1431,limit_391,limit
1432,limit_392,limit
1433,limit_393,limit
1434,limit_394,limit
1435,limit_395,limit
1436,limit_396,limit
1437,limit_397,limit
1438,limit_398,limit
1439,limit_399,limit
1440,mat_40,matrix
1441,mat_41,matrix
1442,mat_42,matrix
1443,mat_43,matrix
1444,mat_44,matrix
1445,mat_45,matrix
1446,mat_46,matrix
1447,mat_47,matrix
1448,mat_48,matrix
1449,mat_49,matrix
1450,mat_50,matrix
1451,mat_51,matrix
1452,mat_52,matrix
1453,mat_53,matrix
1454,mat_54,matrix
1455,mat_55,matrix
1456,mat_56,matrix
1457,mat_57,matrix
1458,mat_58,matrix
1459,mat_59,matrix
1460,mat_60,matrix
1461,mat_61,matrix
1462,mat_62,matrix
1463,mat_63,matrix
1464,mat_64,matrix
1465,mat_65,matrix
1466,mat_66,matrix
1467,mat_67,matrix
1468,mat_68,matrix
1469,mat_69,matrix
1470,mat_70,matrix
1471,mat_71,matrix
1472,mat_72,matrix
1473,mat_73,matrix
1474,mat_74,matrix
1475,mat_75,matrix
1476,mat_76,matrix
1477,mat_77,matrix
1478,mat_78,matrix
1479,mat_79,matrix
1480,mat_80,matrix
1481,mat_81,matrix
1482,mat_82,matrix
1483,mat_83,matrix
1484,mat_84,matrix
1485,mat_85,matrix
1486,mat_86,matrix
1487,mat_87,matrix
1488,mat_88,matrix
1489,mat_89,matrix
1490,mat_90,matrix
1491,mat_91,matrix
1492,mat_92,matrix
1493,mat_93,matrix
1494,mat_94,matrix
1495,mat_95,matrix
1496,mat_96,matrix
1497,mat_97,matrix
1498,mat_98,matrix
1499,mat_99,matrix
1500,mat_100,matrix
1501,mat_101,matrix
1502,mat_102,matrix
1503,mat_103,matrix
1504,mat_104,matrix
1505,mat_105,matrix
1506,mat_106,matrix
1507,mat_107,matrix
1508,mat_108,matrix
1509,mat_109,matrix
1510,mat_110,matrix
1511,mat_111,matrix
1512,mat_112,matrix
1513,mat_113,matrix
1514,mat_114,matrix
1515,mat_115,matrix
1516,mat_116,matrix
1517,mat_117,matrix
1518,mat_118,matrix
1519,mat_119,matrix
1520,mat_120,matrix
1521,mat_121,matrix
1522,mat_122,matrix
1523,mat_123,matrix
1524,mat_124,matrix
1525,mat_125,matrix
1526,mat_126,matrix
1527,mat_127,matrix
1528,mat_128,matrix
1529,mat_129,matrix
1530,mat_130,matrix
1531,mat_131,matrix
1532,mat_132,matrix
1533,mat_133,matrix
1534,mat_134,matrix
1535,mat_135,matrix
1536,mat_136,matrix
1537,mat_137,matrix
1538,mat_138,matrix
1539,mat_139,matrix
1540,mat_140,matrix
1541,mat_141,matrix
1542,mat_142,matrix
1543,mat_143,matrix
1544,mat_144,matrix
1545,mat_145,matrix
1546,mat_146,matrix
1547,mat_147,matrix
1548,mat_148,matrix
1549,mat_149,matrix
1550,mat_150,matrix
1551,mat_151,matrix
1552,mat_152,matrix
1553,mat_153,matrix
1554,mat_154,matrix
1555,mat_155,matrix
1556,mat_156,matrix
1557,mat_157,matrix
1558,mat_158,matrix
1559,mat_159,matrix
1560,mat_160,matrix
1561,mat_161,matrix
1562,mat_162,matrix
1563,mat_163,matrix
1564,mat_164,matrix
1565,mat_165,matrix
1566,mat_166,matrix
1567,mat_167,matrix
1568,mat_168,matrix
1569,mat_169,matrix
1570,mat_170,matrix
1571,mat_171,matrix
1572,mat_172,matrix
1573,mat_173,matrix
1574,mat_174,matrix
1575,mat_175,matrix
1576,mat_176,matrix
1577,mat_177,matrix
1578,mat_178,matrix
1579,mat_179,matrix
1580,mat_180,matrix
1581,mat_181,matrix
1582,mat_182,matrix
1583,mat_183,matrix
1584,mat_184,matrix
1585,mat_185,matrix
1586,mat_186,matrix
1587,mat_187,matrix
1588,mat_188,matrix
1589,mat_189,matrix
1590,mat_190,matrix
1591,mat_191,matrix
1592,mat_192,matrix
1593,mat_193,matrix
1594,mat_194,matrix
1595,mat_195,matrix
1596,mat_196,matrix
1597,mat_197,matrix
1598,mat_198,matrix
1599,mat_199,matrix
1600,mat_200,matrix
1601,mat_201,matrix
1602,mat_202,matrix
1603,mat_203,matrix
1604,mat_204,matrix
1605,mat_205,matrix
1606,mat_206,matrix
1607,mat_207,matrix
1608,mat_208,matrix
1609,mat_209,matrix
1610,mat_210,matrix
1611,mat_211,matrix
1612,mat_212,matrix
1613,mat_213,matrix
1614,mat_214,matrix
1615,mat_215,matrix
1616,mat_216,matrix
1617,mat_217,matrix
1618,mat_218,matrix
1619,mat_219,matrix
1620,mat_220,matrix
1621,mat_221,matrix
1622,mat_222,matrix
1623,mat_223,matrix
1624,mat_224,matrix
1625,mat_225,matrix
1626,mat_226,matrix
1627,mat_227,matrix
1628,mat_228,matrix
1629,mat_229,matrix
1630,mat_230,matrix
1631,mat_231,matrix
1632,mat_232,matrix
1633,mat_233,matrix
1634,mat_234,matrix
1635,mat_235,matrix
1636,mat_236,matrix
1637,mat_237,matrix
1638,mat_238,matrix
1639,mat_239,matrix
1640,mat_240,matrix
1641,mat_241,matrix
1642,mat_242,matrix
1643,mat_243,matrix
1644,mat_244,matrix
1645,mat_245,matrix
1646,mat_246,matrix
1647,mat_247,matrix
1648,mat_248,matrix
1649,mat_249,matrix
1650,mat_250,matrix
1651,mat_251,matrix
1652,mat_252,matrix
1653,mat_253,matrix
1654,mat_254,matrix
1655,mat_255,matrix
1656,mat_256,matrix
1657,mat_257,matrix
1658,mat_258,matrix
1659,mat_259,matrix
1660,mat_260,matrix
1661,mat_261,matrix
1662,mat_262,matrix
1663,mat_263,matrix
1664,mat_264,matrix
1665,mat_265,matrix
1666,mat_266,matrix
1667,mat_267,matrix
1668,mat_268,matrix
1669,mat_269,matrix
1670,mat_270,matrix
1671,mat_271,matrix
1672,mat_272,matrix
1673,mat_273,matrix
1674,mat_274,matrix
1675,mat_275,matrix
1676,mat_276,matrix
1677,mat_277,matrix
1678,mat_278,matrix
1679,mat_279,matrix
1680,mat_280,matrix
1681,mat_281,matrix
1682,mat_282,matrix
1683,mat_283,matrix
1684,mat_284,matrix
1685,mat_285,matrix
1686,mat_286,matrix
1687,mat_287,matrix
1688,mat_288,matrix
1689,mat_289,matrix
1690,mat_290,matrix
1691,mat_291,matrix
1692,mat_292,matrix
1693,mat_293,matrix
1694,mat_294,matrix
1695,mat_295,matrix
1696,mat_296,matrix
1697,mat_297,matrix
1698,mat_298,matrix
1699,mat_299,matrix
1700,mat_300,matrix
1701,mat_301,matrix
1702,mat_302,matrix
1703,mat_303,matrix
1704,mat_304,matrix
1705,mat_305,matrix
1706,mat_306,matrix
1707,mat_307,matrix
1708,mat_308,matrix
1709,mat_309,matrix
1710,mat_310,matrix
1711,mat_311,matrix
1712,mat_312,matrix
1713,mat_313,matrix
1714,mat_314,matrix
1715,mat_315,matrix
1716,mat_316,matrix
1717,mat_317,matrix
1718,mat_318,matrix
1719,mat_319,matrix
1720,mat_320,matrix
1721,mat_321,matrix
1722,mat_322,matrix
1723,mat_323,matrix
1724,mat_324,matrix
1725,mat_325,matrix
1726,mat_326,matrix
1727,mat_327,matrix
1728,mat_328,matrix
1729,mat_329,matrix
1730,mat_330,matrix
1731,mat_331,matrix
1732,mat_332,matrix
1733,mat_333,matrix
1734,mat_334,matrix
1735,mat_335,matrix
1736,mat_336,matrix
1737,mat_337,matrix
1738,mat_338,matrix
1739,mat_339,matrix
1740,mat_340,matrix
1741,mat_341,matrix
1742,mat_342,matrix
1743,mat_343,matrix
1744,mat_344,matrix
1745,mat_345,matrix
1746,mat_346,matrix
1747,mat_347,matrix
1748,mat_348,matrix
1749,mat_349,matrix
1750,mat_350,matrix
1751,mat_351,matrix
1752,mat_352,matrix
1753,mat_353,matrix
1754,mat_354,matrix
1755,mat_355,matrix
1756,mat_356,matrix
1757,mat_357,matrix
1758,mat_358,matrix
1759,mat_359,matrix
1760,mat_360,matrix
1761,mat_361,matrix
1762,mat_362,matrix
1763,mat_363,matrix
1764,mat_364,matrix
1765,mat_365,matrix
1766,mat_366,matrix
1767,mat_367,matrix
1768,mat_368,matrix
1769,mat_369,matrix
1770,mat_370,matrix
1771,mat_371,matrix
1772,mat_372,matrix
1773,mat_373,matrix
1774,mat_374,matrix
1775,mat_375,matrix
1776,mat_376,matrix
1777,mat_377,matrix
1778,mat_378,matrix
1779,mat_379,matrix
1780,mat_380,matrix
1781,mat_381,matrix
1782,mat_382,matrix
1783,mat_383,matrix
1784,mat_384,matrix
1785,mat_385,matrix
1786,mat_386,matrix
1787,mat_387,matrix
1788,mat_388,matrix
1789,mat_389,matrix
1790,mat_390,matrix
1791,mat_391,matrix
1792,mat_392,matrix
1793,mat_393,matrix
1794,mat_394,matrix
1795,mat_395,matrix
1796,mat_396,matrix
1797,mat_397,matrix
1798,mat_398,matrix
1799,mat_399,matrix
1800,series_40,series
1801,series_41,series
1802,series_42,series
1803,series_43,series
1804,series_44,series
1805,series_45,series
1806,series_46,series
1807,series_47,series
1808,series_48,series
1809,series_49,series
1810,series_50,series
1811,series_51,series
1812,series_52,series
1813,series_53,series
1814,series_54,series
1815,series_55,series
1816,series_56,series
1817,series_57,series
1818,series_58,series
1819,series_59,series
1820,series_60,series
1821,series_61,series
1822,series_62,series
1823,series_63,series
1824,series_64,series
1825,series_65,series
1826,series_66,series
1827,series_67,series
1828,series_68,series
1829,series_69,series
1830,series_70,series
1831,series_71,series
1832,series_72,series
1833,series_73,series
1834,series_74,series
1835,series_75,series
1836,series_76,series
1837,series_77,series
1838,series_78,series
1839,series_79,series
1840,series_80,series
1841,series_81,series
1842,series_82,series
1843,series_83,series
1844,series_84,series
1845,series_85,series
1846,series_86,series
1847,series_87,series
1848,series_88,series
1849,series_89,series
1850,series_90,series
1851,series_91,series
1852,series_92,series
1853,series_93,series
1854,series_94,series
1855,series_95,series
1856,series_96,series
1857,series_97,series
1858,series_98,series
1859,series_99,series
1860,series_100,series
1861,series_101,series
1862,series_102,series
1863,series_103,series
1864,series_104,series
1865,series_105,series
1866,series_106,series
1867,series_107,series
1868,series_108,series
1869,series_109,series
1870,series_110,series
1871,series_111,series
1872,series_112,series
1873,series_113,series
1874,series_114,series
1875,series_115,series
1876,series_116,series
1877,series_117,series
1878,series_118,series
1879,series_119,series
1880,series_120,series
1881,series_121,series
1882,series_122,series
1883,series_123,series
1884,series_124,series
1885,series_125,series
1886,series_126,series
1887,series_127,series
1888,series_128,series
1889,series_129,series
1890,series_130,series
1891,series_131,series
1892,series_132,series
1893,series_133,series
1894,series_134,series
1895,series_135,series
1896,series_136,series
1897,series_137,series
1898,series_138,series
1899,series_139,series
1900,series_140,series
1901,series_141,series
1902,series_142,series
1903,series_143,series
1904,series_144,series
1905,series_145,series
1906,series_146,series
1907,series_147,series
1908,series_148,series
1909,series_149,series
1910,series_150,series
1911,series_151,series
1912,series_152,series
1913,series_153,series
1914,series_154,series
1915,series_155,series
1916,series_156,series
1917,series_157,series
1918,series_158,series
1919,series_159,series
1920,series_160,series
1921,series_161,series
1922,series_162,series
1923,series_163,series
1924,series_164,series
1925,series_165,series
1926,series_166,series
1927,series_167,series
1928,series_168,series
1929,series_169,series
1930,series_170,series
1931,series_171,series
1932,series_172,series
1933,series_173,series
1934,series_174,series
1935,series_175,series
1936,series_176,series
1937,series_177,series
1938,series_178,series
1939,series_179,series
1940,series_180,series
1941,series_181,series
1942,series_182,series
1943,series_183,series
1944,series_184,series
1945,series_185,series
1946,series_186,series
1947,series_187,series
1948,series_188,series
1949,series_189,series
1950,series_190,series
1951,series_191,series
1952,series_192,series
1953,series_193,series
1954,series_194,series
1955,series_195,series
1956,series_196,series
1957,series_197,series
1958,series_198,series
1959,series_199,series
1960,series_200,series
1961,series_201,series
1962,series_202,series
1963,series_203,series
1964,series_204,series
1965,series_205,series
1966,series_206,series
1967,series_207,series
1968,series_208,series
1969,series_209,series
1970,series_210,series
1971,series_211,series
1972,series_212,series
1973,series_213,series
1974,series_214,series
1975,series_215,series
1976,series_216,series
1977,series_217,series
1978,series_218,series
1979,series_219,series
1980,series_220,series
1981,series_221,series
1982,series_222,series
1983,series_223,series
1984,series_224,series
1985,series_225,series
1986,series_226,series
1987,series_227,series
1988,series_228,series
1989,series_229,series
1990,series_230,series
1991,series_231,series
1992,series_232,series
1993,series_233,series
1994,series_234,series
1995,series_235,series
1996,series_236,series
1997,series_237,series
1998,series_238,series
1999,series_239,series
2000,series_240,series
2001,series_241,series
2002,series_242,series
2003,series_243,series
2004,series_244,series
2005,series_245,series
2006,series_246,series
2007,series_247,series
2008,series_248,series
2009,series_249,series
2010,series_250,series
2011,series_251,series
2012,series_252,series
2013,series_253,series
2014,series_254,series
2015,series_255,series
2016,series_256,series
2017,series_257,series
2018,series_258,series
2019,series_259,series
2020,series_260,series
2021,series_261,series
2022,series_262,series
2023,series_263,series
2024,series_264,series
2025,series_265,series
2026,series_266,series
2027,series_267,series
2028,series_268,series
2029,series_269,series
2030,series_270,series
2031,series_271,series
2032,series_272,series
2033,series_273,series
2034,series_274,series
2035,series_275,series
2036,series_276,series
2037,series_277,series
2038,series_278,series
2039,series_279,series
2040,series_280,series
2041,series_281,series
2042,series_282,series
2043,series_283,series
2044,series_284,series
2045,series_285,series
2046,series_286,series
2047,series_287,series
2048,series_288,series
2049,series_289,series
2050,series_290,series
2051,series_291,series
2052,series_292,series
2053,series_293,series
2054,series_294,series
2055,series_295,series
2056,series_296,series
2057,series_297,series
2058,series_298,series
2059,series_299,series
2060,series_300,series
2061,series_301,series
2062,series_302,series
2063,series_303,series
2064,series_304,series
2065,series_305,series
2066,series_306,series
2067,series_307,series
2068,series_308,series
2069,series_309,series
2070,series_310,series
2071,series_311,series
2072,series_312,series
2073,series_313,series
2074,series_314,series
2075,series_315,series
2076,series_316,series
2077,series_317,series
2078,series_318,series
2079,series_319,series
2080,series_320,series
2081,series_321,series
2082,series_322,series
2083,series_323,series
2084,series_324,series
2085,series_325,series
2086,series_326,series
2087,series_327,series
2088,series_328,series
2089,series_329,series
2090,series_330,series
2091,series_331,series
2092,series_332,series
2093,series_333,series
2094,series_334,series
2095,series_335,series
2096,series_336,series
2097,series_337,series
2098,series_338,series
2099,series_339,series
2100,series_340,series
2101,series_341,series
2102,series_342,series
2103,series_343,series
2104,series_344,series
2105,series_345,series
2106,series_346,series
2107,series_347,series
2108,series_348,series
2109,series_349,series
2110,series_350,series
2111,series_351,series
2112,series_352,series
2113,series_353,series
2114,series_354,series
2115,series_355,series
2116,series_356,series
2117,series_357,series
2118,series_358,series
2119,series_359,series
2120,series_360,series
2121,series_361,series
2122,series_362,series
2123,series_363,series
2124,series_364,series
2125,series_365,series
2126,series_366,series
2127,series_367,series
2128,series_368,series
2129,series_369,series
2130,series_370,series
2131,series_371,series
2132,series_372,series
2133,series_373,series
2134,series_374,series
2135,series_375,series
2136,series_376,series
2137,series_377,series
2138,series_378,series
2139,series_379,series
2140,series_380,series
2141,series_381,series
2142,series_382,series
2143,series_383,series
2144,series_384,series
2145,series_385,series
2146,series_386,series
2147,series_387,series
2148,series_388,series
2149,series_389,series
2150,series_390,series
2151,series_391,series
2152,series_392,series
2153,series_393,series
2154,series_394,series
2155,series_395,series
2156,series_396,series
2157,series_397,series
2158,series_398,series
2159,series_399,series
2160,sqrt_40,sqrt
2161,sqrt_41,sqrt
2162,sqrt_42,sqrt
2163,sqrt_43,sqrt
2164,sqrt_44,sqrt
2165,sqrt_45,sqrt
2166,sqrt_46,sqrt
2167,sqrt_47,sqrt
2168,sqrt_48,sqrt
2169,sqrt_49,sqrt
2170,sqrt_50,sqrt
2171,sqrt_51,sqrt
2172,sqrt_52,sqrt
2173,sqrt_53,sqrt
2174,sqrt_54,sqrt
2175,sqrt_55,sqrt
2176,sqrt_56,sqrt
2177,sqrt_57,sqrt
2178,sqrt_58,sqrt
2179,sqrt_59,sqrt
2180,sqrt_60,sqrt
2181,sqrt_61,sqrt
2182,sqrt_62,sqrt
2183,sqrt_63,sqrt
2184,sqrt_64,sqrt
2185,sqrt_65,sqrt
2186,sqrt_66,sqrt
2187,sqrt_67,sqrt
2188,sqrt_68,sqrt
2189,sqrt_69,sqrt
2190,sqrt_70,sqrt
2191,sqrt_71,sqrt
2192,sqrt_72,sqrt
2193,sqrt_73,sqrt
2194,sqrt_74,sqrt
2195,sqrt_75,sqrt
2196,sqrt_76,sqrt
2197,sqrt_77,sqrt
2198,sqrt_78,sqrt
2199,sqrt_79,sqrt
2200,sqrt_80,sqrt
2201,sqrt_81,sqrt
2202,sqrt_82,sqrt
2203,sqrt_83,sqrt
2204,sqrt_84,sqrt
2205,sqrt_85,sqrt
2206,sqrt_86,sqrt
2207,sqrt_87,sqrt
2208,sqrt_88,sqrt
2209,sqrt_89,sqrt
2210,sqrt_90,sqrt
2211,sqrt_91,sqrt
2212,sqrt_92,sqrt
2213,sqrt_93,sqrt
2214,sqrt_94,sqrt
2215,sqrt_95,sqrt
2216,sqrt_96,sqrt
2217,sqrt_97,sqrt
2218,sqrt_98,sqrt
2219,sqrt_99,sqrt
2220,sqrt_100,sqrt
2221,sqrt_101,sqrt
2222,sqrt_102,sqrt
2223,sqrt_103,sqrt
2224,sqrt_104,sqrt
2225,sqrt_105,sqrt
2226,sqrt_106,sqrt
2227,sqrt_107,sqrt
2228,sqrt_108,sqrt
2229,sqrt_109,sqrt
2230,sqrt_110,sqrt
2231,sqrt_111,sqrt
2232,sqrt_112,sqrt
2233,sqrt_113,sqrt
2234,sqrt_114,sqrt
2235,sqrt_115,sqrt
2236,sqrt_116,sqrt
2237,sqrt_117,sqrt
2238,sqrt_118,sqrt
2239,sqrt_119,sqrt
2240,sqrt_120,sqrt
2241,sqrt_121,sqrt
2242,sqrt_122,sqrt
2243,sqrt_123,sqrt
2244,sqrt_124,sqrt
2245,sqrt_125,sqrt
2246,sqrt_126,sqrt
2247,sqrt_127,sqrt
2248,sqrt_128,sqrt
2249,sqrt_129,sqrt
2250,sqrt_130,sqrt
2251,sqrt_131,sqrt
2252,sqrt_132,sqrt
2253,sqrt_133,sqrt
2254,sqrt_134,sqrt
2255,sqrt_135,sqrt
2256,sqrt_136,sqrt
2257,sqrt_137,sqrt
2258,sqrt_138,sqrt
2259,sqrt_139,sqrt
2260,sqrt_140,sqrt
2261,sqrt_141,sqrt
2262,sqrt_142,sqrt
2263,sqrt_143,sqrt
2264,sqrt_144,sqrt
2265,sqrt_145,sqrt
2266,sqrt_146,sqrt
2267,sqrt_147,sqrt
2268,sqrt_148,sqrt
2269,sqrt_149,sqrt
2270,sqrt_150,sqrt
2271,sqrt_151,sqrt
2272,sqrt_152,sqrt
2273,sqrt_153,sqrt
2274,sqrt_154,sqrt
2275,sqrt_155,sqrt
2276,sqrt_156,sqrt
2277,sqrt_157,sqrt
2278,sqrt_158,sqrt
2279,sqrt_159,sqrt
2280,sqrt_160,sqrt
2281,sqrt_161,sqrt
2282,sqrt_162,sqrt
2283,sqrt_163,sqrt
2284,sqrt_164,sqrt
2285,sqrt_165,sqrt
2286,sqrt_166,sqrt
2287,sqrt_167,sqrt
2288,sqrt_168,sqrt
2289,sqrt_169,sqrt
2290,sqrt_170,sqrt
2291,sqrt_171,sqrt
2292,sqrt_172,sqrt
2293,sqrt_173,sqrt
2294,sqrt_174,sqrt
2295,sqrt_175,sqrt
2296,sqrt_176,sqrt
2297,sqrt_177,sqrt
2298,sqrt_178,sqrt
2299,sqrt_179,sqrt
2300,sqrt_180,sqrt
2301,sqrt_181,sqrt
2302,sqrt_182,sqrt
2303,sqrt_183,sqrt
2304,sqrt_184,sqrt
2305,sqrt_185,sqrt
2306,sqrt_186,sqrt
2307,sqrt_187,sqrt
2308,sqrt_188,sqrt
2309,sqrt_189,sqrt
2310,sqrt_190,sqrt
2311,sqrt_191,sqrt
2312,sqrt_192,sqrt
2313,sqrt_193,sqrt
2314,sqrt_194,sqrt
2315,sqrt_195,sqrt
2316,sqrt_196,sqrt
2317,sqrt_197,sqrt
2318,sqrt_198,sqrt
2319,sqrt_199,sqrt
2320,sqrt_200,sqrt
2321,sqrt_201,sqrt
2322,sqrt_202,sqrt
2323,sqrt_203,sqrt
2324,sqrt_204,sqrt
2325,sqrt_205,sqrt
2326,sqrt_206,sqrt
2327,sqrt_207,sqrt
2328,sqrt_208,sqrt
2329,sqrt_209,sqrt
2330,sqrt_210,sqrt
2331,sqrt_211,sqrt
2332,sqrt_212,sqrt
2333,sqrt_213,sqrt
2334,sqrt_214,sqrt
2335,sqrt_215,sqrt
2336,sqrt_216,sqrt
2337,sqrt_217,sqrt
2338,sqrt_218,sqrt
2339,sqrt_219,sqrt
2340,sqrt_220,sqrt
2341,sqrt_221,sqrt
2342,sqrt_222,sqrt
2343,sqrt_223,sqrt
2344,sqrt_224,sqrt
2345,sqrt_225,sqrt
2346,sqrt_226,sqrt
2347,sqrt_227,sqrt
2348,sqrt_228,sqrt
2349,sqrt_229,sqrt
2350,sqrt_230,sqrt
2351,sqrt_231,sqrt
2352,sqrt_232,sqrt
2353,sqrt_233,sqrt
2354,sqrt_234,sqrt
2355,sqrt_235,sqrt
2356,sqrt_236,sqrt
2357,sqrt_237,sqrt
2358,sqrt_238,sqrt
2359,sqrt_239,sqrt
2360,sqrt_240,sqrt
2361,sqrt_241,sqrt
2362,sqrt_242,sqrt
2363,sqrt_243,sqrt
2364,sqrt_244,sqrt
2365,sqrt_245,sqrt
2366,sqrt_246,sqrt
2367,sqrt_247,sqrt
2368,sqrt_248,sqrt
2369,sqrt_249,sqrt
2370,sqrt_250,sqrt
2371,sqrt_251,sqrt
2372,sqrt_252,sqrt
2373,sqrt_253,sqrt
2374,sqrt_254,sqrt
2375,sqrt_255,sqrt
2376,sqrt_256,sqrt
2377,sqrt_257,sqrt
2378,sqrt_258,sqrt
2379,sqrt_259,sqrt
2380,sqrt_260,sqrt
2381,sqrt_261,sqrt
2382,sqrt_262,sqrt
2383,sqrt_263,sqrt
2384,sqrt_264,sqrt
2385,sqrt_265,sqrt
2386,sqrt_266,sqrt
2387,sqrt_267,sqrt
2388,sqrt_268,sqrt
2389,sqrt_269,sqrt
2390,sqrt_270,sqrt
2391,sqrt_271,sqrt
2392,sqrt_272,sqrt
2393,sqrt_273,sqrt
2394,sqrt_274,sqrt
2395,sqrt_275,sqrt
2396,sqrt_276,sqrt
2397,sqrt_277,sqrt
2398,sqrt_278,sqrt
2399,sqrt_279,sqrt
2400,sqrt_280,sqrt
2401,sqrt_281,sqrt
2402,sqrt_282,sqrt
2403,sqrt_283,sqrt
2404,sqrt_284,sqrt
2405,sqrt_285,sqrt
2406,sqrt_286,sqrt
2407,sqrt_287,sqrt
2408,sqrt_288,sqrt
2409,sqrt_289,sqrt
2410,sqrt_290,sqrt
2411,sqrt_291,sqrt
2412,sqrt_292,sqrt
2413,sqrt_293,sqrt
2414,sqrt_294,sqrt
2415,sqrt_295,sqrt
2416,sqrt_296,sqrt
2417,sqrt_297,sqrt
2418,sqrt_298,sqrt
2419,sqrt_299,sqrt
2420,sqrt_300,sqrt
2421,sqrt_301,sqrt
2422,sqrt_302,sqrt
2423,sqrt_303,sqrt
2424,sqrt_304,sqrt
2425,sqrt_305,sqrt
2426,sqrt_306,sqrt
2427,sqrt_307,sqrt
2428,sqrt_308,sqrt
2429,sqrt_309,sqrt
2430,sqrt_310,sqrt
2431,sqrt_311,sqrt
2432,sqrt_312,sqrt
2433,sqrt_313,sqrt
2434,sqrt_314,sqrt
2435,sqrt_315,sqrt
2436,sqrt_316,sqrt
2437,sqrt_317,sqrt
2438,sqrt_318,sqrt
2439,sqrt_319,sqrt
2440,sqrt_320,sqrt
2441,sqrt_321,sqrt
2442,sqrt_322,sqrt
2443,sqrt_323,sqrt
2444,sqrt_324,sqrt
2445,sqrt_325,sqrt
2446,sqrt_326,sqrt
2447,sqrt_327,sqrt
2448,sqrt_328,sqrt
2449,sqrt_329,sqrt
2450,sqrt_330,sqrt
2451,sqrt_331,sqrt
2452,sqrt_332,sqrt
2453,sqrt_333,sqrt
2454,sqrt_334,sqrt
2455,sqrt_335,sqrt
2456,sqrt_336,sqrt
2457,sqrt_337,sqrt
2458,sqrt_338,sqrt
2459,sqrt_339,sqrt
2460,sqrt_340,sqrt
2461,sqrt_341,sqrt
2462,sqrt_342,sqrt
2463,sqrt_343,sqrt
2464,sqrt_344,sqrt
2465,sqrt_345,sqrt
2466,sqrt_346,sqrt
2467,sqrt_347,sqrt
2468,sqrt_348,sqrt
2469,sqrt_349,sqrt
2470,sqrt_350,sqrt
2471,sqrt_351,sqrt
2472,sqrt_352,sqrt
2473,sqrt_353,sqrt
2474,sqrt_354,sqrt
2475,sqrt_355,sqrt
2476,sqrt_356,sqrt
2477,sqrt_357,sqrt
2478,sqrt_358,sqrt
2479,sqrt_359,sqrt
2480,sqrt_360,sqrt
2481,sqrt_361,sqrt
2482,sqrt_362,sqrt
2483,sqrt_363,sqrt
2484,sqrt_364,sqrt
2485,sqrt_365,sqrt
2486,sqrt_366,sqrt
2487,sqrt_367,sqrt
2488,sqrt_368,sqrt
2489,sqrt_369,sqrt
2490,sqrt_370,sqrt
2491,sqrt_371,sqrt
2492,sqrt_372,sqrt
2493,sqrt_373,sqrt
2494,sqrt_374,sqrt
2495,sqrt_375,sqrt
2496,sqrt_376,sqrt
2497,sqrt_377,sqrt
2498,sqrt_378,sqrt
2499,sqrt_379,sqrt
2500,sqrt_380,sqrt
2501,sqrt_381,sqrt
2502,sqrt_382,sqrt
2503,sqrt_383,sqrt
2504,sqrt_384,sqrt
2505,sqrt_385,sqrt
2506,sqrt_386,sqrt
2507,sqrt_387,sqrt
2508,sqrt_388,sqrt
2509,sqrt_389,sqrt
2510,sqrt_390,sqrt
2511,sqrt_391,sqrt
2512,sqrt_392,sqrt
2513,sqrt_393,sqrt
2514,sqrt_394,sqrt
2515,sqrt_395,sqrt
2516,sqrt_396,sqrt
2517,sqrt_397,sqrt
2518,sqrt_398,sqrt
2519,sqrt_399,sqrt
